Lượng subscribers,Link Kênh,Chủ Đề,Giá bán (VND),Tình trạng kênh,Mua hàng
18.000,https://www.youtube.com/@ydyd1234/featured,Âm nhạc,10.000.000,Chưa bật kiếm tiền,
2.800.000,https://www.youtube.com/channel/UC-E1JQSSrC9G7P6MtCMtbpQ,Ô tô,222000000,Chưa bật kiếm tiền,
48.000,https://www.youtube.com/channel/UC_FqMtGnME8CmUbKcCcDJ4Q,Idol Kpop,20000000,Chưa bật kiếm tiền,
52.000,https://www.youtube.com/@xemtuvi24h,Tử vi,25000000,Chưa bật kiếm tiền,
490.000,https://www.youtube.com/@tiemcuanang,Idol Kpop,180000000,Đã bật kiếm tiền,
2.000.000,https://www.youtube.com/@rahi_gaming,Game,199000000,Chưa bật kiếm tiền,
38.000,https://www.youtube.com/channel/UCXNjp7djnHIiRSxbvh4RnfA,Chim cu,19000000,Chưa bật kiếm tiền,
47.000,https://www.youtube.com/@Tiktoktq12,Tiktok TQ,19000000,Chưa bật kiếm tiền,
280.000,https://www.youtube.com/channel/UCfy9nCHXIwNnF5vSS2bxoHg,Mua sắm,90000000,Đã bật kiếm tiền,
86.000,https://www.youtube.com/@Sansaleshopee8386,Nhạc,48.000.000,Đã bật kiếm tiền,
21.000,https://www.youtube.com/@animalsok,Động vật,11000000,Chưa bật kiếm tiền,
29.000,https://www.youtube.com/@xamit-g9j,Giải trí,15000000,Chưa bật kiếm tiền,
57.000,https://www.youtube.com/channel/UCxE8pYgujLZgMuOxorYqaUA,Giải trí,28000000,Đã bật kiếm tiền,
16.000,https://www.youtube.com/@Xoso3mien34,Xổ số,8000000,Chưa bật kiếm tiền,