"id","name","slug","content","created_at","updated_at"
"11","Chuyển nhượng lại kênh youtube","chuyen-nhuong-lai-kenh-youtube","<p style=""text-align: center; ""><img src=""/images/upload/page/11/shopytba-xfu.jpg"" data-filename=""shopytba.jpg"" style=""width: 800px; float: none;"" class="""" loading=""lazy""><p style=""text-align: center; ""><br></p><ol><li>Youtube Store c&oacute; thu mua l&#7841;i c&aacute;c k&ecirc;nh youtube c&oacute; l&#432;&#7907;ng sub t&#7915; 1000 &#273;&#7871;n 1 tri&#7879;u sub v&#7899;i gi&aacute; c&#7921;c t&#7889;t v&agrave; uy t&iacute;n. Quy tr&igrave;nh mua v&agrave; chuy&#7875;n nh&#432;&#7907;ng l&#7841;i k&ecirc;nh youtube cho Youtubestore.vn nh&#432; sau:</li><li>Li&ecirc;n h&#7879; Zalo: 0899.707.888 ho&#7863;c fanpage facebook Youtubestore.vn</li><li>G&#7917;i link k&ecirc;nh youtube cho nh&acirc;n nhi&ecirc;n t&#432; v&#7845;n &#273;&#7875; &#273;&#7883;nh gi&aacute; k&ecirc;nh t&#7889;t nh&#7845;t</li><li>Sau khi th&#7887;a thu&#7853;n 2 b&ecirc;n ch&#7889;t gi&aacute; giao d&#7883;ch. B&ecirc;n ph&iacute;a b&aacute;n (kh&aacute;ch h&agrave;ng) s&#7869; b&agrave;n giao to&agrave;n b&#7897; email + m&#7853;t kh&#7849;u cho Youtubestore truy c&#7853;p v&agrave;o. B&ecirc;n ph&iacute;a b&aacute;n (kh&aacute;ch h&agrave;ng) ph&#7843;i cung c&#7845;p &#273;&#7847;y &#273;&#7911; m&atilde; x&aacute;c minh c&#7911;a k&ecirc;nh trong qu&aacute; tr&igrave;nh &#273;&#259;ng nh&#7853;p.</li><li>Sau khi Youtube Store &#273;&#259;ng nh&#7853;p v&agrave; thay &#273;&#7893;i th&ocirc;ng tin th&agrave;nh c&ocirc;ng tr&ecirc;n k&ecirc;nh th&igrave; b&ecirc;n b&aacute;n v&agrave; b&ecirc;n mua s&#7869; ph&#7843;i &#273;&#7907;i 7 ng&agrave;y &#273;&#7875; Google update l&#7841;i th&ocirc;ng tin b&#7843;o m&#7853;t cho cho t&agrave;i kho&#7843;n.</li><li>Sau 7 ng&agrave;y, n&#7871;u k&ecirc;nh kh&ocirc;ng c&oacute; v&#7845;n &#273;&#7873; g&igrave; ( kh&ocirc;ng b&#7883; xo&aacute; hay vi ph&#7841;m) th&igrave; b&ecirc;n mua (Youtubestore.vn) s&#7869; ti&#7871;n h&agrave;nh chuy&#7875;n kho&#7843;n thanh to&aacute;n cho b&ecirc;n b&aacute;n.&nbsp;</li><li>B&#7843;ng gi&aacute; thu mua</li><li><span style=""background-color: rgb(255, 255, 255);""><b>L&#432;u &yacute;: Ch&#7881; mua k&ecirc;nh s&#7841;ch, kh&ocirc;ng b&#7883; 2 g&#7853;y b&#7843;n quy&#7873;n tr&#7903; l&ecirc;n, kh&ocirc;ng b&#7883; g&#7853;y vi ph&#7841;m c&#7897;ng &#273;&#7891;ng.</b></span></li></ol><table class=""table table-bordered"" style=""text-align: center;""><tbody><tr><td><p></p><p style=""text-align: left;"">B&#7843;ng gi&aacute; thu mua k&ecirc;nh Youtube lo&#7841;i ch&#432;a b&#7853;t ki&#7871;m ti&#7873;n</p><table class=""table table-bordered"" style=""text-align: left;""><tbody><tr><td><br></td><td>1000&nbsp; sub &#273;&#7871;n 2000 sub&nbsp;</td><td>Gi&aacute; 200k &#273;&#7871;n 400k</td></tr><tr><td><br></td><td>2000sub &#273;&#7871;n 5000 sub&nbsp;</td><td>Gi&aacute; 400k &#273;&#7871;n 600k</td></tr><tr><td><br></td><td>5000 sub &#273;&#7871;n 10000 sub&nbsp;</td><td>Gi&aacute; 600k &#273;&#7871;n 1m2</td></tr><tr><td><br></td><td>10000 &#273;&#7871;n 20000 sub&nbsp;</td><td>Gi&aacute; 1m2 &#273;&#7871;n 2m2</td></tr></tbody></table><p><br></p><p style=""text-align: left;"">B&#7843;ng gi&aacute; lo&#7841;i &#273;&atilde; b&#7853;t ki&#7871;m ti&#7873;n, bao g&#7891;m c&#7843; Adsense.</p><table class=""table table-bordered"" style=""text-align: left;""><tbody><tr><td><br></td><td>1000 sub &#273;&#7871;n 5000sub&nbsp;</td><td>Gi&aacute; 1m5 &#273;&#7871;n 2m</td></tr><tr><td><br></td><td>6000 sub &#273;&#7871;n 10.000 sub&nbsp;</td><td>Gi&aacute; 2m &#273;&#7871;n 2m5</td></tr><tr><td><br></td><td>11.000 sub &#273;&#7871;n 15.000 sub&nbsp;</td><td>Gi&aacute; 2m5 &#273;&#7871;n 3m5</td></tr><tr><td><br></td><td>16000 sub &#273;&#7871;n 20.000 sub&nbsp;</td><td>Gi&aacute; 3m5 &#273;&#7871;n 4m5</td></tr><tr><td><br></td><td>21.000 sub &#273;&#7871;n 30.0000 sub&nbsp;</td><td>Gi&aacute; 4m5 &#273;&#7871;n 5m</td></tr></tbody></table></td></tr></tbody></table><p></p><p></p><p></p><p></p><p></p><p></p><p></p><p></p><p></p><p></p><p></p><p></p><div style=""text-align: center;""><p style=""text-align: center; color: rgb(103, 117, 124);""><span style='margin: 0px; padding: 0px; border: 0px; font-size: 16px; background-image: initial; background-position: initial; background-size: initial; background-repeat: initial; background-attachment: initial; background-origin: initial; background-clip: initial; color: rgb(255, 0, 0); font-family: ""Comic Sans MS"";'>Video c&#7843;nh b&aacute;o ng&#432;&#7901;i d&ugrave;ng khi mua b&aacute;n k&ecirc;nh youtube, video &#273;&#432;&#7907;c th&#7921;c hi&#7879;n b&#7903;i Youtubestore.vn (thu&#7897;c MK Media) v&agrave; ANTV</span></p><p style=""margin-bottom: 10px; color: rgb(103, 117, 124);""></p></div><div style=""text-align: center;""><iframe width=""900"" height=""530"" src=""https://www.youtube.com/embed/J4itc8J3woE?si=9XtGO_B3jwp5J5Ur"" title=""YouTube video player"" frameborder=""0"" allow=""accelerometer; autoplay; clipboard-write; encrypted-media; gyroscope; picture-in-picture; web-share"" referrerpolicy=""strict-origin-when-cross-origin"" allowfullscreen="""" style=""font-size: 0.875rem;""></iframe></div><p></p><p></p><p></p><p></p></p>
","2021-04-29 15:33:56","2025-09-21 20:41:45"
"12","Quy trình giao dịch kênh Youtube đây bạn nhé!","quy-trinh-giao-dich-kenh-youtube-day-ban-nhe","<h3 id=""quy-trinh-mua-kenh-tai-youtubestorevn-sau-khi-khach-hang-da-lua-chon-duoc-kenh-theo-y-co-2-hinh-thuc-giao-dich-nhu-sau1-giao-dich-truc-tiep-tai-thanh-hoa2-giao-dich-chuyen-khoan-online-vui-long-lien-he-hotine-0899707888-zalo-0899707888-de-nhan-vien-tu-van-khach-hang-sau-khi-lua-chon-duoc-kenh-theo-y-thi-co-the-thanh-toan-bang-hinh-thuc-chuyen-khoan-khach-hang-sau-khi-thanh-toan-se-duoc-nhan-vien-cham-soc-khach-hang-lien-he-ban-giao-kenh-hoac-khach-hang-lien-he-truoc-cho-cong-ty-deu-duoc-khach-hang-thanh-toan-truoc-100-truoc-khi-ban-giao-kenh-quy-khach-se-duoc-ban-giao-toan-bo-email-goc-lien-quan-den-kenh-youtube-bao-hanh-bao-mat-kenh-vinh-vien-truong-hop-kenh-bi-khoa-do-vi-pham-chinh-sach-ban-quyen-se-khong-duoc-bao-hanh-khach-hang-ca-nhan-khi-thanh-toan-chuyen-khoan-xin-vui-long-chuyen-khoan-vao-so-tai-khoan-ca-nhan-3639379379-ngan-hang-techcombank-chu-tai-khoan-le-quang-anh-hoac-so-tai-khoan-ca-nhan-2008889999-ngan-hang-vpbank-chu-tai-khoan-le-quang-anhsau-khi-khach-hang-da-tien-hanh-xong-thanh-toan-va-duoc-nhan-vien-ban-giao-kenh-thi-khach-hang-can-phai-luu-y1-dang-nhap-tai-khoan-youtube-vao-thiet-bi-di-dong-truoc-de-xac-minh2-sau-khi-dang-nhap-xong-khach-hang-truy-cap-vao-bao-mat-dang-xuat-cac-thiet-bi-cu-thay-doi-thong-tin-khoi-phuc-bao-gom-so-dien-thoai-email-bat-xac-minh-buoc-2-tren-may-tinh-va-doi-mat-khau3-kenh-sau-khi-ban-se-duoc-youtubestore-bao-hanh-bao-mat-vinh-vien-khong-bao-hanh-tat-kiem-tien-tren-kenh-sau-24h-ban-giao4-toan-bo-huong-dan-thay-doi-va-bao-mat-kenh-se-duoc-huong-dan-tai-video-nay""><span style=""font-weight: bold;"">Quy tr&igrave;nh mua k&ecirc;nh t&#7841;i Youtubestore.vn sau khi kh&aacute;ch h&agrave;ng &#273;&atilde; l&#7921;a ch&#7885;n &#273;&#432;&#7907;c k&ecirc;nh theo &yacute;. C&oacute; 2 h&igrave;nh th&#7913;c giao d&#7883;ch nh&#432; sau:</span><h3 id=""""><span style=""font-weight: bold;""><br></span></h3><h4 class=""dropdown-item""><span style=""color: rgb(255, 0, 0); font-weight: bold;"">1. Giao d&#7883;ch tr&#7921;c ti&#7871;p t&#7841;i Thanh Ho&aacute;</span></h4><h5><span style=""color: rgb(0, 0, 0);""><br></span></h5><h4><span style=""color: rgb(255, 0, 0); font-weight: bold;"">2. Giao d&#7883;ch chuy&#7875;n kho&#7843;n online.</span></h4><h5><span style=""color: rgb(0, 0, 0);"">- Vui l&ograve;ng li&ecirc;n h&#7879; hotine: 0899.707.888 &amp; Zalo 0899.707.888 &#273;&#7875; nh&acirc;n vi&ecirc;n t&#432; v&#7845;n.</span></h5><h5><span style=""color: rgb(0, 0, 0);"">- Kh&aacute;ch h&agrave;ng sau khi l&#7921;a ch&#7885;n &#273;&#432;&#7907;c k&ecirc;nh theo &yacute; th&igrave; c&oacute; th&#7875; thanh to&aacute;n b&#7857;ng h&igrave;nh th&#7913;c chuy&#7875;n kho&#7843;n. Kh&aacute;ch h&agrave;ng sau khi thanh to&aacute;n s&#7869; &#273;&#432;&#7907;c nh&acirc;n vi&ecirc;n ch&#259;m s&oacute;c kh&aacute;ch h&agrave;ng li&ecirc;n h&#7879; b&agrave;n giao k&ecirc;nh ho&#7863;c kh&aacute;ch h&agrave;ng li&ecirc;n h&#7879; tr&#432;&#7899;c cho c&ocirc;ng ty &#273;&#7873;u &#273;&#432;&#7907;c. ( Kh&aacute;ch h&agrave;ng thanh to&aacute;n tr&#432;&#7899;c 100% tr&#432;&#7899;c khi b&agrave;n giao k&ecirc;nh)</span></h5><h5><span style=""color: rgb(0, 0, 0);"">- Qu&yacute; kh&aacute;ch s&#7869; &#273;&#432;&#7907;c b&agrave;n giao to&agrave;n b&#7897; email g&#7889;c li&ecirc;n quan &#273;&#7871;n k&ecirc;nh youtube.</span></h5><h5><span style=""color: rgb(0, 0, 0);""></span></h5><h5><span style=""color: rgb(0, 0, 0);"">- B&#7843;o h&agrave;nh b&#7843;o m&#7853;t k&ecirc;nh v&#297;nh vi&#7877;n.</span></h5><h5><span style=""color: rgb(0, 0, 0);"">- Tr&#432;&#7901;ng h&#7907;p k&ecirc;nh b&#7883; kh&oacute;a do vi ph&#7841;m ch&iacute;nh s&aacute;ch, b&#7843;n quy&#7873;n s&#7869; kh&ocirc;ng &#273;&#432;&#7907;c b&#7843;o h&agrave;nh</span></h5><h5><span style=""color: rgb(0, 0, 0);""><br></span></h5><h5><span style=""color: rgb(0, 0, 0);"">- <span style=""font-weight: bold;"">Kh&aacute;ch h&agrave;ng c&aacute; nh&acirc;n khi thanh to&aacute;n chuy&#7875;n kho&#7843;n</span>, xin vui l&ograve;ng chuy&#7875;n kho&#7843;n v&agrave;o s&#7889; t&agrave;i kho&#7843;n c&aacute; nh&acirc;n:&nbsp;</span><b>3639379379</b>. Ng&acirc;n h&agrave;ng Techcombank. Ch&#7911; t&agrave;i kho&#7843;n: <span style=""color: rgb(0, 0, 0); font-size: 1rem; font-weight: bold;"">L&ecirc; Quang Anh</span></h5><h5><span style=""color: rgb(0, 0, 0);"">- Ho&#7863;c s&#7889; t&agrave;i kho&#7843;n c&aacute; nh&acirc;n: <span style=""font-weight: bold;"">2008889999</span> Ng&acirc;n h&agrave;ng VPbank. Ch&#7911; t&agrave;i kho&#7843;n: <span style=""font-weight: bold;"">L&ecirc; Quang Anh</span></span></h5><h5><span style=""color: rgb(0, 0, 0);""><br></span></h5><h5><img src=""/images/upload/page/12/screenshot-1662522524-0mb.png"" data-filename=""screenshot_1662522524.png"" style=""width: 1126px;"" loading=""lazy""><span style=""color: rgb(0, 0, 0);""><br></span></h5><h5><span style=""color: rgb(0, 0, 0);""><br></span></h5><h5><span style=""font-weight: bold; text-decoration-line: underline; color: rgb(255, 0, 0);"">Sau khi kh&aacute;ch h&agrave;ng &#273;&atilde; ti&#7871;n h&agrave;nh xong thanh to&aacute;n v&agrave; &#273;&#432;&#7907;c nh&acirc;n vi&ecirc;n b&agrave;n giao k&ecirc;nh th&igrave; kh&aacute;ch h&agrave;ng c&#7847;n ph&#7843;i l&#432;u &yacute;!</span></h5><h5><span style=""color: rgb(0, 0, 0);"">1. &#272;&#259;ng nh&#7853;p t&agrave;i kho&#7843;n youtube v&agrave;o thi&#7871;t b&#7883; di &#273;&#7897;ng tr&#432;&#7899;c &#273;&#7875; x&aacute;c minh</span></h5><h5><span style=""color: rgb(0, 0, 0);"">2. Sau khi &#273;&#259;ng nh&#7853;p xong kh&aacute;ch h&agrave;ng truy c&#7853;p v&agrave;o b&#7843;o m&#7853;t &#273;&#259;ng xu&#7845;t c&aacute;c thi&#7871;t b&#7883; c&#361;, thay &#273;&#7893;i th&ocirc;ng tin kh&ocirc;i ph&#7909;c bao g&#7891;m s&#7889; &#273;i&#7879;n tho&#7841;i, email. B&#7853;t x&aacute;c minh b&#432;&#7899;c 2 tr&ecirc;n m&aacute;y t&iacute;nh v&agrave; &#273;&#7893;i m&#7853;t kh&#7849;u.</span></h5><h5><span style=""color: rgb(0, 0, 0);"">3. K&ecirc;nh sau khi b&aacute;n s&#7869; &#273;&#432;&#7907;c Youtubestore b&#7843;o h&agrave;nh b&#7843;o m&#7853;t v&#297;nh vi&#7877;n (kh&ocirc;ng b&#7843;o h&agrave;nh t&#7855;t ki&#7871;m ti&#7873;n tr&ecirc;n k&ecirc;nh sau 24h b&agrave;n giao)</span></h5><h5><span style=""color: rgb(0, 0, 0);"">4. To&agrave;n b&#7897; h&#432;&#7899;ng d&#7851;n thay &#273;&#7893;i v&agrave; b&#7843;o m&#7853;t k&ecirc;nh s&#7869; &#273;&#432;&#7907;c h&#432;&#7899;ng d&#7851;n t&#7841;i video n&agrave;y:</span></h5><h5><span style=""color: rgb(0, 0, 0);""><br></span></h5><h5><div style=""text-align: center;""><iframe frameborder=""0"" src=""//www.youtube.com/embed/Cc-EXpPFTwY"" width=""640"" height=""360"" class=""note-video-clip"" style=""font-size: 1rem;""></iframe></div><br><br><br></h5><div><br></div><h5><span style=""color: rgb(0, 0, 0);""><span style=""font-weight: bold;""></span></span><br></h5><div><br></div><h5><span style=""color: rgb(0, 0, 0);""><br></span><br></h5><div><br></div><h5><span style=""color: rgb(0, 0, 0);""></span><br></h5><h4><span style=""font-weight: bold; color: rgb(255, 0, 0);""><br></span><br></h4></h3>
","2021-04-29 15:38:37","2025-12-25 22:15:12"
"13","Mua kênh Youtube uy tín - Bảng giá & danh sách kênh Youtube","mua-kenh-youtube-uy-tin-bang-gia-danh-sach-kenh-youtube","<h4><div style=""text-align: justify;""><span style='font-size: 1.125rem; font-family: ""Times New Roman"";'>B&#7841;n mu&#7889;n ph&aacute;t tri&#7875;n k&ecirc;nh YouTube nh&#432;ng l&#7841;i thi&#7871;u th&#7901;i gian ho&#7863;c kh&ocirc;ng c&oacute; kinh nghi&#7879;m x&acirc;y d&#7921;ng t&#7915; &#273;&#7847;u? Gi&#7843;i ph&aacute;p </span><strong style=""font-size: 1.125rem;""><span style='font-family: ""Times New Roman"";'>mua b&aacute;n k&ecirc;nh YouTube</span></strong><span style='font-size: 1.125rem; font-family: ""Times New Roman"";'> &#273;ang ng&agrave;y c&agrave;ng &#273;&#432;&#7907;c nhi&#7873;u ng&#432;&#7901;i l&#7921;a ch&#7885;n. &#272;&acirc;y l&agrave; c&aacute;ch nhanh nh&#7845;t &#273;&#7875; s&#7903; h&#7919;u m&#7897;t k&ecirc;nh ti&#7873;m n&#259;ng ho&#7863;c chuy&#7875;n nh&#432;&#7907;ng k&ecirc;nh YouTube kh&ocirc;ng c&ograve;n nhu c&#7847;u s&#7917; d&#7909;ng.</span></div><hr style=""text-align: justify;""><h2 data-pm-slice=""1 1 []""><span style='font-family: ""Times New Roman"";'>T&#7841;i Sao Vi&#7879;c Mua B&aacute;n K&ecirc;nh YouTube L&#7841;i Ti&#7873;m &#7848;n R&#7911;i Ro?</span></h2><p data-pm-slice=""1 1 []""><span style=""font-family: Tahoma;""><span style='font-family: ""Times New Roman"";'>Hi&#7879;n nay, nhu c&#7847;u </span><b><span style='font-family: ""Times New Roman"";'>mua t&agrave;i kho&#7843;n YouTube</span></b><span style='font-family: ""Times New Roman"";'> &#273;&atilde; ph&aacute;t tri&#7875;n nhanh ch&oacute;ng do t&iacute;nh h&#7919;u &iacute;ch c&#7911;a n&oacute; trong vi&#7879;c qu&#7843;ng b&aacute; s&#7843;n ph&#7849;m, th&#432;&#417;ng hi&#7879;u ho&#7863;c ki&#7871;m ti&#7873;n t&#7915; n&#7897;i dung. Tuy nhi&ecirc;n, vi&#7879;c </span></span><strong><span style='font-family: ""Times New Roman"";'>mua b&aacute;n acc YouTube</span></strong><span style='font-family: ""Times New Roman"";'> c&#361;ng ti&#7873;m &#7849;n nhi&#7873;u nguy c&#417; l&#7915;a &#273;&#7843;o g&acirc;y thi&#7879;t h&#7841;i nghi&ecirc;m tr&#7885;ng cho ng&#432;&#7901;i mua.</span></p><p data-pm-slice=""1 1 []""><img src=""/images/upload/page/13/mua-ban-kenh-youtube-n45.jpg"" data-filename=""mua-b&aacute;n-k&ecirc;nh-youtube.jpg"" style=""width: 900px;"" loading=""lazy""><span style=""font-family: Tahoma;""><br></span></p><h3 data-pm-slice=""1 1 []"" id=""1-tinh-trang-lua-dao-khi-mua-ban-kenh-youtube""><span style='font-family: ""Times New Roman"";'>1. T&igrave;nh Tr&#7841;ng L&#7915;a &#272;&#7843;o Khi Mua B&aacute;n K&ecirc;nh YouTube</span></h3><ol><li><p><strong><span style='font-family: ""Times New Roman"";'>K&ecirc;nh b&#7883; hack:</span></strong><span style='font-family: ""Times New Roman"";'> Nhi&#7873;u ng&#432;&#7901;i b&aacute;n cung c&#7845;p t&agrave;i kho&#7843;n YouTube &#273;&atilde; b&#7883; hack, khi&#7871;n ng&#432;&#7901;i mua kh&ocirc;ng &#273;&#7911; quy&#7873;n qu&#7843;n l&yacute; ho&#7863;c b&#7883; l&#7845;y l&#7841;i sau giao d&#7883;ch.</span></p></li><li><p><strong><span style='font-family: ""Times New Roman"";'>Cung c&#7845;p th&ocirc;ng tin sai l&#7879;ch:</span></strong><span style='font-family: ""Times New Roman"";'> K&ecirc;nh &#273;&#432;&#7907;c qu&#7843;ng c&aacute;o s&#7903; h&#7919;u s&#7889; l&#432;&#7907;ng ng&#432;&#7901;i theo d&otilde;i l&#7899;n, nh&#432;ng th&#7921;c ch&#7845;t l&agrave; ng&#432;&#7901;i theo d&otilde;i &#7843;o ho&#7863;c t&#432;&#417;ng t&aacute;c th&#7845;p.</span></p></li><li><p><strong><span style='font-family: ""Times New Roman"";'>Ch&iacute;nh s&aacute;ch vi ph&#7841;m:</span></strong><span style='font-family: ""Times New Roman"";'> K&ecirc;nh &#273;&atilde; b&#7883; c&#7843;nh b&aacute;o ho&#7863;c vi ph&#7841;m ch&iacute;nh s&aacute;ch c&#7911;a YouTube, d&#7851;n &#273;&#7871;n nguy c&#417; b&#7883; x&oacute;a b&#7845;t c&#7913; l&uacute;c n&agrave;o.</span></p></li></ol><h3 data-pm-slice=""1 1 []"" id=""2-hinh-thuc-lua-dao-pho-bien-khi-mua-kenh-youtube""><span style='font-family: ""Times New Roman"";'>2. H&igrave;nh Th&#7913;c L&#7915;a &#272;&#7843;o Ph&#7893; Bi&#7871;n Khi Mua K&ecirc;nh Youtube</span></h3><ul><li><p><strong><span style='font-family: ""Times New Roman"";'>Gi&#7843; m&#7841;o danh t&iacute;nh:</span></strong><span style='font-family: ""Times New Roman"";'> K&#7867; l&#7915;a &#273;&#7843;o t&#7921; nh&#7853;n l&agrave; nh&acirc;n vi&ecirc;n h&#7895; tr&#7907; c&#7911;a YouTube ho&#7863;c &#273;&#7889;i t&aacute;c uy t&iacute;n.</span></p></li><li><p><strong><span style='font-family: ""Times New Roman"";'>Giao d&#7883;ch ngo&agrave;i h&#7879; th&#7889;ng:</span></strong><span style='font-family: ""Times New Roman"";'> Y&ecirc;u c&#7847;u giao d&#7883;ch qua c&aacute;c n&#7873;n t&#7843;ng kh&ocirc;ng ch&iacute;nh th&#7913;c, kh&ocirc;ng c&oacute; &#273;&#7843;m b&#7843;o.</span></p></li><li><p><strong><span style='font-family: ""Times New Roman"";'>L&#7915;a &#273;&#7843;o thanh to&aacute;n:</span></strong><span style='font-family: ""Times New Roman"";'> Sau khi nh&#7853;n &#273;&#432;&#7907;c ti&#7873;n t&#7915; ng&#432;&#7901;i mua, k&#7867; l&#7915;a &#273;&#7843;o ch&#7863;n li&ecirc;n l&#7841;c ho&#7863;c cung c&#7845;p k&ecirc;nh kh&ocirc;ng &#273;&uacute;ng th&#7887;a thu&#7853;n.</span></p></li></ul><h2 data-pm-slice=""1 1 []""><span style='font-family: ""Times New Roman"";'>C&aacute;ch Nh&#7853;n Bi&#7871;t V&agrave; Ph&acirc;n Bi&#7879;t L&#7915;a &#272;&#7843;o V&agrave; &#272;&#417;n V&#7883; Uy t&iacute;n Khi Mua B&aacute;n K&ecirc;nh YouTube</span></h2><p style=""text-align: justify;""><strong style=""text-align: left; font-size: 1rem;""><span style='font-family: ""Times New Roman"";'>&nbsp;</span></strong><img src=""/images/upload/page/13/mua-kenh-youtube-uy-tin-jew.png"" data-filename=""mua-k&ecirc;nh-youtube-uy-t&iacute;n.png"" style=""width: 900px;"" loading=""lazy""></p><ol data-spread=""false"" start=""1"" data-pm-slice=""3 3 []""><li><p><strong><span style='font-family: ""Times New Roman"";'>Ki&#7875;m tra th&ocirc;ng tin k&ecirc;nh:</span></strong><span style='font-family: ""Times New Roman"";'> Truy c&#7853;p k&ecirc;nh tr&#7921;c ti&#7871;p, xem t&#432;&#417;ng t&aacute;c, n&#7897;i dung v&agrave; c&aacute;c ch&#7881; s&#7889;.</span></p></li><li><p><strong><span style='font-family: ""Times New Roman"";'>Xem &#273;&aacute;nh gi&aacute; uy t&iacute;n:</span></strong><span style='font-family: ""Times New Roman"";'> T&igrave;m ki&#7871;m &#273;&aacute;nh gi&aacute; ho&#7863;c ph&#7843;n h&#7891;i t&#7915; nh&#7919;ng ng&#432;&#7901;i mua tr&#432;&#7899;c &#273;&oacute;.</span></p></li><li><p><strong><span style='font-family: ""Times New Roman"";'>Ki&ecirc;m tra th&ocirc;ng tin &#273;&#417;n v&#7883; mua b&aacute;n:</span></strong><span style='font-family: ""Times New Roman"";'> Ch&#7881; giao d&#7883;ch v&#7899;i &#273;&#417;n v&#7883; n&agrave;o c&oacute; &#273;&#7849;y &#273;&#7911; th&ocirc;ng tin d&#432;&#7899;i ph&#7847;n m&ocirc; t&#7843; website nh&#432; &#273;&#7883;a ch&#7881; c&ocirc;ng ty, m&atilde; s&#7889; thu&#7871;, S&#273;t hotline, t&agrave;i kho&#7843;n ng&acirc;n h&agrave;ng c&oacute; tr&ugrave;ng kh&#7899;p kh&ocirc;ng hay gi&#7843; m&#7841;o.</span></p></li><li><p><strong><span style='font-family: ""Times New Roman"";'>Ki&#7875;m tra ch&iacute;nh s&aacute;ch c&#7911;a YouTube:</span></strong><span style='font-family: ""Times New Roman"";'> &#272;&#7843;m b&#7843;o k&ecirc;nh kh&ocirc;ng vi ph&#7841;m ch&iacute;nh s&aacute;ch tr&#432;&#7899;c khi mua.&nbsp;</span></p></li></ol><h2 style=""text-align: justify;""><font face=""Tahoma""><span style='font-family: ""Times New Roman"";'>T&#7841;i Sao&nbsp;</span></font><span style='font-size: 1.5rem; text-align: left; font-family: ""Times New Roman"";'>N&ecirc;n L&#7921;a Ch&#7885;n Youtubestore.vn Khi Mua B&aacute;n K&ecirc;nh YouTube?</span></h2><h3 id=""youtubestorevn-la-dia-chi-uy-tin-chuyen-cung-cap-dich-vu-mua-nick-youtube-va-ban-nick-youtube-chat-luong-cao-voi-kinh-nghiem-lau-nam-trong-nganh-youtubestorevn-cam-ket"" style=""text-align: justify;""><span style='text-align: left; color: rgb(0, 0, 0); font-size: 1rem; font-family: ""Times New Roman"";'>Youtubestore.vn l&agrave; &#273;&#7883;a ch&#7881; uy t&iacute;n chuy&ecirc;n cung c&#7845;p d&#7883;ch v&#7909; </span><strong style=""text-align: left; color: rgb(0, 0, 0); font-size: 1rem;""><span style='font-family: ""Times New Roman"";'>mua nick YouTube</span></strong><span style='text-align: left; color: rgb(0, 0, 0); font-size: 1rem; font-family: ""Times New Roman"";'> v&agrave; </span><strong style=""text-align: left; color: rgb(0, 0, 0); font-size: 1rem;""><span style='font-family: ""Times New Roman"";'>b&aacute;n nick YouTube</span></strong><span style='text-align: left; color: rgb(0, 0, 0); font-size: 1rem; font-family: ""Times New Roman"";'> ch&#7845;t l&#432;&#7907;ng cao. V&#7899;i kinh nghi&#7879;m l&acirc;u n&#259;m trong ng&agrave;nh, Youtubestore.vn cam k&#7871;t:</span></h3><ul data-spread=""false"" data-pm-slice=""3 3 []""><li><p><strong><span style='font-family: ""Times New Roman"";'>&#272;&#7843;m b&#7843;o uy t&iacute;n:</span></strong><span style='font-family: ""Times New Roman"";'> C&aacute;c k&ecirc;nh &#273;&#432;&#7907;c ki&#7875;m tra k&#7929; l&#432;&#7905;ng, &#273;&#7843;m b&#7843;o kh&ocirc;ng vi ph&#7841;m ch&iacute;nh s&aacute;ch v&agrave; c&oacute; th&ocirc;ng tin minh b&#7841;ch.</span></p></li><li><p><strong><span style='font-family: ""Times New Roman"";'>H&#7895; tr&#7907; chuy&ecirc;n nghi&#7879;p:</span></strong><span style='font-family: ""Times New Roman"";'> &#272;&#7897;i ng&#361; t&#432; v&#7845;n t&#7853;n t&acirc;m, h&#7895; tr&#7907; b&#7841;n trong su&#7889;t qu&aacute; tr&igrave;nh giao d&#7883;ch.</span></p></li><li><p><strong><span style='font-family: ""Times New Roman"";'>An to&agrave;n giao d&#7883;ch:</span></strong><span style='font-family: ""Times New Roman"";'> S&#7917; d&#7909;ng n&#7873;n t&#7843;ng trung gian b&#7843;o v&#7879; quy&#7873;n l&#7907;i cho c&#7843; ng&#432;&#7901;i mua v&agrave; ng&#432;&#7901;i b&aacute;n, b&#7843;o h&agrave;nh b&#7843;o m&#7853;t k&ecirc;nh v&#297;nh vi&#7877;n, y&ecirc;n t&acirc;m s&#7917; d&#7909;ng tr&#7885;n &#273;&#7901;i m&agrave; kh&ocirc;ng lo b&#7883; back k&ecirc;nh.</span></p></li></ul><h2 data-pm-slice=""1 1 []""><span style='font-family: ""Times New Roman"";'>L&#7901;i Khuy&ecirc;n D&agrave;nh Cho Ng&#432;&#7901;i Mua K&ecirc;nh Youtube</span></h2><ul><li><p><strong><span style='font-family: ""Times New Roman"";'>T&igrave;m hi&#7875;u k&#7929; tr&#432;&#7899;c khi mua:</span></strong><span style='font-family: ""Times New Roman"";'> N&#7855;m r&otilde; th&ocirc;ng tin v&agrave; l&yacute; do b&aacute;n k&ecirc;nh t&#7915; ng&#432;&#7901;i b&aacute;n.</span></p></li><li><p><strong><span style='font-family: ""Times New Roman"";'>H&#7841;n ch&#7871; giao d&#7883;ch tr&#7921;c ti&#7871;p:</span></strong><span style='font-family: ""Times New Roman"";'> &#272;&#7875; tr&aacute;nh b&#7883; thi&#7879;t h&#7841;i, h&atilde;y s&#7917; d&#7909;ng c&aacute;c n&#7873;n t&#7843;ng trung gian. Mua acc Youtube &#273;&#7893;i th&ocirc;ng tin xong trong 7 ng&agrave;y ng&#432;&#7901;i b&aacute;n v&#7851;n c&oacute; th&#7875; kh&ocirc;i ph&#7909;c l&#7841;i k&ecirc;nh n&ecirc;n l&#432;u &yacute;.</span></p></li><li><p><strong><span style='font-family: ""Times New Roman"";'>Lu&ocirc;n c&oacute; h&#7907;p &#273;&#7891;ng giao d&#7883;ch:</span></strong><span style='font-family: ""Times New Roman"";'> K&yacute; k&#7871;t h&#7907;p &#273;&#7891;ng &#273;&#7875; &#273;&#7843;m b&#7843;o quy&#7873;n l&#7907;i.</span></p><p><span style=""color: rgb(255, 0, 0);""><span style='font-family: ""Times New Roman"";'>D&#432;&#7899;i &#273;&acirc;y l&agrave; video c&#7843;nh b&aacute;o ng&#432;&#7901;i d&ugrave;ng khi mua k&ecirc;nh youtube, video &#273;&#432;&#7907;c th&#7921;c hi&#7879;n b&#7903;i Youtubestore.vn (thu&#7897;c MK Media) v&agrave; ANTV</span><br></span></p></li></ul><iframe width=""900"" height=""530"" src=""https://www.youtube.com/embed/J4itc8J3woE?si=t8fTiw5VYoHIcOOC"" title=""YouTube video player"" frameborder=""0"" allow=""accelerometer; autoplay; clipboard-write; encrypted-media; gyroscope; picture-in-picture; web-share"" referrerpolicy=""strict-origin-when-cross-origin"" allowfullscreen=""""></iframe></h4>
","2021-05-06 02:27:28","2024-12-24 14:01:18"
"14","Chính sách bảo mật","chinh-sach-bao-mat","<p>T&#7845;t c&#7843; c&aacute;c k&ecirc;nh s&#7869; &#273;&#432;&#7907;c Youtubestore b&#7843;o h&agrave;nh b&#7843;o m&#7853;t v&#297;nh vi&#7877;n.<p>Tr&#432;&#7901;ng h&#7907;p m&#7845;t k&ecirc;nh do vi ph&#7841;m ch&iacute;nh s&aacute;ch c&#7911;a youtube th&igrave; s&#7869; kh&ocirc;ng &#273;&#432;&#7907;c b&#7843;o h&agrave;nh</p></p>
","2021-11-30 05:06:26","2021-11-30 05:40:01"
"15","Chính sách giao nhận & cài đặt","chinh-sach-giao-nhan-cai-dat","<h3 id=""quy-trinh-mua-kenh-tai-youtubestorevn-sau-khi-khach-hang-da-lua-chon-duoc-kenh-theo-y-co-2-hinh-thuc-giao-dich-nhu-sau1-giao-dich-truc-tiep-tai-van-phong-ha-noi-sau-khi-khach-hang-da-lua-chon-duoc-kenh-theo-y-khach-hang-co-the-lien-he-voi-cong-ty-qua-hotline-0899707888-hoac-zalo-0899707888-va-den-truc-tiep-tai-dia-chi-cong-ty-co-phan-cong-nghe-truyen-thong-mk-media-so-15a-ngo-2113-duong-linh-nam-quan-hoang-mai-tp-ha-noi2-giao-dich-chuyen-khoan-online-vui-long-lien-he-hotine-0899707888-zalo-0899707888-de-nhan-vien-tu-van-khach-hang-sau-khi-lua-chon-duoc-kenh-theo-y-thi-co-the-thanh-toan-bang-hinh-thuc-chuyen-khoan-khach-hang-sau-khi-thanh-toan-se-duoc-nhan-vien-cham-soc-khach-hang-lien-he-ban-giao-kenh-hoac-khach-hang-lien-he-truoc-cho-cong-ty-deu-duoc-khach-hang-thanh-toan-truoc-100-truoc-khi-ban-giao-kenh-quy-khach-se-duoc-ban-giao-toan-bo-email-goc-lien-quan-den-kenh-youtube-bao-hanh-bao-mat-kenh-vinh-vien-truong-hop-kenh-bi-khoa-do-vi-pham-chinh-sach-ban-quyen-se-khong-duoc-bao-hanh-khach-hang-ca-nhan-khi-thanh-toan-chuyen-khoan-khong-lay-vat-xin-vui-long-chuyen-khoan-vao-so-tai-khoan-ca-nhan-19032865546017-ngan-hang-techcombank-chu-tai-khoan-le-quang-anh-hoac-so-tai-khoan-ca-nhan-2008889999-ngan-hang-vpbank-chu-tai-khoan-le-quang-anh-neu-khach-hang-la-doanh-nghiep-lay-hoa-don-vat-xin-vui-long-10-vat-vao-tong-gia-tri-kenh-vi-du-gia-kenh-10000000-vnd-10-vat-11000000-vnd-va-chuyen-khoan-vao-so-tai-khoan-cong-ty-so-tai-khoan-cong-ty-19035699899886-ngan-hang-techcombank-chi-nhanh-ha-noi-chu-tai-khoan-cong-ty-co-phan-cong-nghe-truyen-thong-mk-media-noi-dung-chuyen-khoan-ten-ca-nhan-hoac-doanh-nghiep-ten-kenh-mua-sdtsau-khi-khach-hang-da-tien-hanh-xong-thanh-toan-va-duoc-nhan-vien-ban-giao-kenh-thi-khach-hang-can-phai-luu-y1-dang-nhap-tai-khoan-youtube-vao-thiet-bi-di-dong-truoc-de-xac-minh2-sau-khi-dang-nhap-xong-khach-hang-truy-cap-vao-bao-mat-dang-xuat-cac-thiet-bi-cu-thay-doi-thong-tin-khoi-phuc-bao-gom-so-dien-thoai-email-bat-xac-minh-buoc-2-tren-may-tinh-va-doi-mat-khau""><span style=""font-weight: bold;"">Quy tr&igrave;nh mua k&ecirc;nh t&#7841;i Youtubestore.vn sau khi kh&aacute;ch h&agrave;ng &#273;&atilde; l&#7921;a ch&#7885;n &#273;&#432;&#7907;c k&ecirc;nh theo &yacute;. C&oacute; 2 h&igrave;nh th&#7913;c giao d&#7883;ch nh&#432; sau:</span><h3 id=""""><span style=""font-weight: bold;""><br></span></h3><h4 class=""dropdown-item"" style=""width: 2110px; text-align: left;""><span style=""color: rgb(255, 0, 0); font-weight: bold;"">1. Giao d&#7883;ch tr&#7921;c ti&#7871;p t&#7841;i v&#259;n ph&ograve;ng H&agrave; N&#7897;i</span></h4><h5><span style=""color: rgb(0, 0, 0);"">- Sau khi kh&aacute;ch h&agrave;ng &#273;&atilde; l&#7921;a ch&#7885;n &#273;&#432;&#7907;c k&ecirc;nh theo &yacute;, kh&aacute;ch h&agrave;ng c&oacute; th&#7875; li&ecirc;n h&#7879; v&#7899;i c&ocirc;ng ty qua hotline: 0899.707.888 ho&#7863;c Zalo: 0899.707.888 v&agrave; &#273;&#7871;n tr&#7921;c ti&#7871;p t&#7841;i &#273;&#7883;a ch&#7881;: C&ocirc;ng ty c&#7893; ph&#7847;n c&ocirc;ng ngh&#7879; truy&#7873;n th&ocirc;ng MK Media: s&#7889; 15A ng&otilde; 21/13 &#273;&#432;&#7901;ng L&#297;nh Nam, qu&#7853;n Ho&agrave;ng Mai, Tp. H&agrave; N&#7897;i</span></h5><h5><span style=""color: rgb(0, 0, 0);""><br></span></h5><h4><span style=""color: rgb(255, 0, 0); font-weight: bold;"">2. Giao d&#7883;ch chuy&#7875;n kho&#7843;n online.</span></h4><h5><span style=""color: rgb(0, 0, 0);"">- Vui l&ograve;ng li&ecirc;n h&#7879; hotine: 0899.707.888 &amp; Zalo 0899.707.888 &#273;&#7875; nh&acirc;n vi&ecirc;n t&#432; v&#7845;n.</span></h5><h5><span style=""color: rgb(0, 0, 0);"">- Kh&aacute;ch h&agrave;ng sau khi l&#7921;a ch&#7885;n &#273;&#432;&#7907;c k&ecirc;nh theo &yacute; th&igrave; c&oacute; th&#7875; thanh to&aacute;n b&#7857;ng h&igrave;nh th&#7913;c chuy&#7875;n kho&#7843;n. Kh&aacute;ch h&agrave;ng sau khi thanh to&aacute;n s&#7869; &#273;&#432;&#7907;c nh&acirc;n vi&ecirc;n ch&#259;m s&oacute;c kh&aacute;ch h&agrave;ng li&ecirc;n h&#7879; b&agrave;n giao k&ecirc;nh ho&#7863;c kh&aacute;ch h&agrave;ng li&ecirc;n h&#7879; tr&#432;&#7899;c cho c&ocirc;ng ty &#273;&#7873;u &#273;&#432;&#7907;c. ( Kh&aacute;ch h&agrave;ng thanh to&aacute;n tr&#432;&#7899;c 100% tr&#432;&#7899;c khi b&agrave;n giao k&ecirc;nh)</span></h5><h5><span style=""color: rgb(0, 0, 0);"">- Qu&yacute; kh&aacute;ch s&#7869; &#273;&#432;&#7907;c b&agrave;n giao to&agrave;n b&#7897; email g&#7889;c li&ecirc;n quan &#273;&#7871;n k&ecirc;nh youtube.</span></h5><h5><span style=""color: rgb(0, 0, 0);""></span></h5><h5><span style=""color: rgb(0, 0, 0);"">- B&#7843;o h&agrave;nh b&#7843;o m&#7853;t k&ecirc;nh v&#297;nh vi&#7877;n.</span></h5><h5><span style=""color: rgb(0, 0, 0);"">- Tr&#432;&#7901;ng h&#7907;p k&ecirc;nh b&#7883; kh&oacute;a do vi ph&#7841;m ch&iacute;nh s&aacute;ch, b&#7843;n quy&#7873;n s&#7869; kh&ocirc;ng &#273;&#432;&#7907;c b&#7843;o h&agrave;nh</span></h5><h5><span style=""color: rgb(0, 0, 0);""><br></span></h5><h5><span style=""color: rgb(0, 0, 0);"">-&nbsp;<span style=""font-weight: bold;"">Kh&aacute;ch h&agrave;ng c&aacute; nh&acirc;n khi thanh to&aacute;n chuy&#7875;n kho&#7843;n kh&ocirc;ng l&#7845;y VAT</span>, xin vui l&ograve;ng chuy&#7875;n kho&#7843;n v&agrave;o s&#7889; t&agrave;i kho&#7843;n c&aacute; nh&acirc;n:&nbsp;<span style=""font-weight: bold;"">19032865546017</span>. Ng&acirc;n h&agrave;ng Techcombank. Ch&#7911; t&agrave;i kho&#7843;n:&nbsp;<span style=""font-weight: bold;"">L&ecirc; Quang Anh</span></span></h5><h5><span style=""color: rgb(0, 0, 0);"">- Ho&#7863;c s&#7889; t&agrave;i kho&#7843;n c&aacute; nh&acirc;n:&nbsp;<span style=""font-weight: bold;"">2008889999</span>&nbsp;Ng&acirc;n h&agrave;ng VPbank. Ch&#7911; t&agrave;i kho&#7843;n:&nbsp;<span style=""font-weight: bold;"">L&ecirc; Quang Anh</span></span></h5><h5><span style=""color: rgb(0, 0, 0);"">-&nbsp;<span style=""font-weight: bold;"">N&#7871;u kh&aacute;ch h&agrave;ng l&agrave; doanh nghi&#7879;p l&#7845;y h&oacute;a &#273;&#417;n VAT</span>&nbsp;xin vui l&ograve;ng +10% VAT v&agrave;o t&#7893;ng gi&aacute; tr&#7883; k&ecirc;nh (v&iacute; d&#7909;: gi&aacute; k&ecirc;nh 10.000.000 VND + 10% VAT = 11.000.000 VND) v&agrave; chuy&#7875;n kho&#7843;n v&agrave;o s&#7889; t&agrave;i kho&#7843;n c&ocirc;ng ty.</span></h5><h5><span style=""color: rgb(0, 0, 0);"">- S&#7889; t&agrave;i kho&#7843;n c&ocirc;ng ty:&nbsp;<span style=""font-weight: bold;"">19035699899886</span>&nbsp;Ng&acirc;n h&agrave;ng Techcombank chi nh&aacute;nh H&agrave; N&#7897;i. Ch&#7911; t&agrave;i kho&#7843;n:&nbsp;<span style=""font-weight: bold;"">C&ocirc;ng ty c&#7893; ph&#7847;n c&ocirc;ng ngh&#7879; truy&#7873;n th&ocirc;ng MK Media.</span>&nbsp;</span></h5><h5><span style=""color: rgb(0, 0, 0);"">- N&#7897;i dung chuy&#7875;n kho&#7843;n: &ldquo;T&ecirc;n c&aacute; nh&acirc;n ho&#7863;c doanh nghi&#7879;p + T&ecirc;n k&ecirc;nh mua + S&#272;T&rdquo;</span></h5><h5><span style=""color: rgb(0, 0, 0);""><br></span></h5><h5><span style=""font-weight: bold; text-decoration-line: underline; color: rgb(255, 0, 0);"">Sau khi kh&aacute;ch h&agrave;ng &#273;&atilde; ti&#7871;n h&agrave;nh xong thanh to&aacute;n v&agrave; &#273;&#432;&#7907;c nh&acirc;n vi&ecirc;n b&agrave;n giao k&ecirc;nh th&igrave; kh&aacute;ch h&agrave;ng c&#7847;n ph&#7843;i l&#432;u &yacute;!</span></h5><h5><span style=""color: rgb(0, 0, 0);"">1. &#272;&#259;ng nh&#7853;p t&agrave;i kho&#7843;n youtube v&agrave;o thi&#7871;t b&#7883; di &#273;&#7897;ng tr&#432;&#7899;c &#273;&#7875; x&aacute;c minh</span></h5><h5><span style=""color: rgb(0, 0, 0);"">2. Sau khi &#273;&#259;ng nh&#7853;p xong kh&aacute;ch h&agrave;ng truy c&#7853;p v&agrave;o b&#7843;o m&#7853;t &#273;&#259;ng xu&#7845;t c&aacute;c thi&#7871;t b&#7883; c&#361;, thay &#273;&#7893;i th&ocirc;ng tin kh&ocirc;i ph&#7909;c bao g&#7891;m s&#7889; &#273;i&#7879;n tho&#7841;i, email. B&#7853;t x&aacute;c minh b&#432;&#7899;c 2 tr&ecirc;n m&aacute;y t&iacute;nh v&agrave; &#273;&#7893;i m&#7853;t kh&#7849;u.</span></h5></h3>
","2021-11-30 05:06:36","2021-11-30 05:38:40"
"16","Chính sách hoàn tiền","chinh-sach-hoan-tien","<p>Sau khi b&agrave;n giao k&ecirc;nh kh&aacute;ch h&agrave;ng truy c&#7853;p v&agrave;o k&ecirc;nh m&agrave; kh&ocirc;ng &#273;&uacute;ng v&#7899;i k&ecirc;nh m&igrave;nh l&#7921;a ch&#7885;n, ho&#7863;c k&ecirc;nh vi ph&#7841;m ch&iacute;nh s&aacute;ch, b&#7843;n quy&#7873;n th&igrave; &#273;&#432;&#7907;c ph&eacute;p &#273;&#7893;i l&#7841;i ho&#7863;c ho&agrave;n ti&#7873;n k&ecirc;nh theo y&ecirc;u c&#7847;u.</p>
","2021-11-30 05:06:54","2021-11-30 05:55:27"
"17","Chính sách thanh toán","chinh-sach-thanh-toan","<h3 id=""quy-trinh-mua-kenh-tai-youtubestorevn-sau-khi-khach-hang-da-lua-chon-duoc-kenh-theo-y-co-2-hinh-thuc-giao-dich-nhu-sau1-giao-dich-truc-tiep-tai-van-phong-ha-noi-sau-khi-khach-hang-da-lua-chon-duoc-kenh-theo-y-khach-hang-co-the-lien-he-voi-cong-ty-qua-hotline-0899707888-hoac-zalo-0899707888-va-den-truc-tiep-tai-dia-chi-cong-ty-co-phan-cong-nghe-truyen-thong-mk-media-so-15a-ngo-2113-duong-linh-nam-quan-hoang-mai-tp-ha-noi2-giao-dich-chuyen-khoan-online-vui-long-lien-he-hotine-0899707888-zalo-0899707888-de-nhan-vien-tu-van-khach-hang-sau-khi-lua-chon-duoc-kenh-theo-y-thi-co-the-thanh-toan-bang-hinh-thuc-chuyen-khoan-khach-hang-sau-khi-thanh-toan-se-duoc-nhan-vien-cham-soc-khach-hang-lien-he-ban-giao-kenh-hoac-khach-hang-lien-he-truoc-cho-cong-ty-deu-duoc-khach-hang-thanh-toan-truoc-100-truoc-khi-ban-giao-kenh-quy-khach-se-duoc-ban-giao-toan-bo-email-goc-lien-quan-den-kenh-youtube-bao-hanh-bao-mat-kenh-vinh-vien-truong-hop-kenh-bi-khoa-do-vi-pham-chinh-sach-ban-quyen-se-khong-duoc-bao-hanh-khach-hang-ca-nhan-khi-thanh-toan-chuyen-khoan-khong-lay-vat-xin-vui-long-chuyen-khoan-vao-so-tai-khoan-ca-nhan-3639379379-ngan-hang-techcombank-chu-tai-khoan-le-quang-anh-hoac-so-tai-khoan-ca-nhan-2008889999-ngan-hang-vpbank-chu-tai-khoan-le-quang-anh-neu-khach-hang-la-doanh-nghiep-lay-hoa-don-vat-xin-vui-long-10-vat-vao-tong-gia-tri-kenh-vi-du-gia-kenh-10000000-vnd-10-vat-11000000-vnd-va-chuyen-khoan-vao-so-tai-khoan-cong-ty-so-tai-khoan-cong-ty-19035699899886-ngan-hang-techcombank-chi-nhanh-ha-noi-chu-tai-khoan-cong-ty-co-phan-cong-nghe-truyen-thong-mk-media-noi-dung-chuyen-khoan-ten-ca-nhan-hoac-doanh-nghiep-ten-kenh-mua-sdt""><span style=""font-weight: bold;"">Quy tr&igrave;nh mua k&ecirc;nh t&#7841;i Youtubestore.vn sau khi kh&aacute;ch h&agrave;ng &#273;&atilde; l&#7921;a ch&#7885;n &#273;&#432;&#7907;c k&ecirc;nh theo &yacute;. C&oacute; 2 h&igrave;nh th&#7913;c giao d&#7883;ch nh&#432; sau:</span><h3 id=""""><span style=""font-weight: bold;""><br></span></h3><h4 class=""dropdown-item"" style=""width: 2110px; text-align: left;""><span style=""color: rgb(255, 0, 0); font-weight: bold;"">1. Giao d&#7883;ch tr&#7921;c ti&#7871;p t&#7841;i v&#259;n ph&ograve;ng H&agrave; N&#7897;i</span></h4><h5><span style=""color: rgb(0, 0, 0);"">- Sau khi kh&aacute;ch h&agrave;ng &#273;&atilde; l&#7921;a ch&#7885;n &#273;&#432;&#7907;c k&ecirc;nh theo &yacute;, kh&aacute;ch h&agrave;ng c&oacute; th&#7875; li&ecirc;n h&#7879; v&#7899;i c&ocirc;ng ty qua hotline: 0899.707.888 ho&#7863;c Zalo: 0899.707.888 v&agrave; &#273;&#7871;n tr&#7921;c ti&#7871;p t&#7841;i &#273;&#7883;a ch&#7881;: C&ocirc;ng ty c&#7893; ph&#7847;n c&ocirc;ng ngh&#7879; truy&#7873;n th&ocirc;ng MK Media: s&#7889; 15A ng&otilde; 21/13 &#273;&#432;&#7901;ng L&#297;nh Nam, qu&#7853;n Ho&agrave;ng Mai, Tp. H&agrave; N&#7897;i</span></h5><h5><span style=""color: rgb(0, 0, 0);""><br></span></h5><h4><span style=""color: rgb(255, 0, 0); font-weight: bold;"">2. Giao d&#7883;ch chuy&#7875;n kho&#7843;n online.</span></h4><h5><span style=""color: rgb(0, 0, 0);"">- Vui l&ograve;ng li&ecirc;n h&#7879; hotine: 0899.707.888 &amp; Zalo 0899.707.888 &#273;&#7875; nh&acirc;n vi&ecirc;n t&#432; v&#7845;n.</span></h5><h5><span style=""color: rgb(0, 0, 0);"">- Kh&aacute;ch h&agrave;ng sau khi l&#7921;a ch&#7885;n &#273;&#432;&#7907;c k&ecirc;nh theo &yacute; th&igrave; c&oacute; th&#7875; thanh to&aacute;n b&#7857;ng h&igrave;nh th&#7913;c chuy&#7875;n kho&#7843;n. Kh&aacute;ch h&agrave;ng sau khi thanh to&aacute;n s&#7869; &#273;&#432;&#7907;c nh&acirc;n vi&ecirc;n ch&#259;m s&oacute;c kh&aacute;ch h&agrave;ng li&ecirc;n h&#7879; b&agrave;n giao k&ecirc;nh ho&#7863;c kh&aacute;ch h&agrave;ng li&ecirc;n h&#7879; tr&#432;&#7899;c cho c&ocirc;ng ty &#273;&#7873;u &#273;&#432;&#7907;c. ( Kh&aacute;ch h&agrave;ng thanh to&aacute;n tr&#432;&#7899;c 100% tr&#432;&#7899;c khi b&agrave;n giao k&ecirc;nh)</span></h5><h5><span style=""color: rgb(0, 0, 0);"">- Qu&yacute; kh&aacute;ch s&#7869; &#273;&#432;&#7907;c b&agrave;n giao to&agrave;n b&#7897; email g&#7889;c li&ecirc;n quan &#273;&#7871;n k&ecirc;nh youtube.</span></h5><h5><span style=""color: rgb(0, 0, 0);""></span></h5><h5><span style=""color: rgb(0, 0, 0);"">- B&#7843;o h&agrave;nh b&#7843;o m&#7853;t k&ecirc;nh v&#297;nh vi&#7877;n.</span></h5><h5><span style=""color: rgb(0, 0, 0);"">- Tr&#432;&#7901;ng h&#7907;p k&ecirc;nh b&#7883; kh&oacute;a do vi ph&#7841;m ch&iacute;nh s&aacute;ch, b&#7843;n quy&#7873;n s&#7869; kh&ocirc;ng &#273;&#432;&#7907;c b&#7843;o h&agrave;nh</span></h5><h5><span style=""color: rgb(0, 0, 0);""><br></span></h5><h5><span style=""color: rgb(0, 0, 0);"">-&nbsp;<span style=""font-weight: bold;"">Kh&aacute;ch h&agrave;ng c&aacute; nh&acirc;n khi thanh to&aacute;n chuy&#7875;n kho&#7843;n kh&ocirc;ng l&#7845;y VAT</span>, xin vui l&ograve;ng chuy&#7875;n kho&#7843;n v&agrave;o s&#7889; t&agrave;i kho&#7843;n c&aacute; nh&acirc;n: <b>3639379379</b>. Ng&acirc;n h&agrave;ng Techcombank. Ch&#7911; t&agrave;i kho&#7843;n:&nbsp;<span style=""font-weight: bold;"">L&ecirc; Quang Anh</span></span></h5><h5><span style=""color: rgb(0, 0, 0);"">- Ho&#7863;c s&#7889; t&agrave;i kho&#7843;n c&aacute; nh&acirc;n:&nbsp;<span style=""font-weight: bold;"">2008889999</span>&nbsp;Ng&acirc;n h&agrave;ng VPbank. Ch&#7911; t&agrave;i kho&#7843;n:&nbsp;<span style=""font-weight: bold;"">L&ecirc; Quang Anh</span></span></h5><h5><span style=""color: rgb(0, 0, 0);"">-&nbsp;<span style=""font-weight: bold;"">N&#7871;u kh&aacute;ch h&agrave;ng l&agrave; doanh nghi&#7879;p l&#7845;y h&oacute;a &#273;&#417;n VAT</span>&nbsp;xin vui l&ograve;ng +10% VAT v&agrave;o t&#7893;ng gi&aacute; tr&#7883; k&ecirc;nh (v&iacute; d&#7909;: gi&aacute; k&ecirc;nh 10.000.000 VND + 10% VAT = 11.000.000 VND) v&agrave; chuy&#7875;n kho&#7843;n v&agrave;o s&#7889; t&agrave;i kho&#7843;n c&ocirc;ng ty.</span></h5><h5><span style=""color: rgb(0, 0, 0);"">- S&#7889; t&agrave;i kho&#7843;n c&ocirc;ng ty:&nbsp;<span style=""font-weight: bold;"">19035699899886</span>&nbsp;Ng&acirc;n h&agrave;ng Techcombank chi nh&aacute;nh H&agrave; N&#7897;i. Ch&#7911; t&agrave;i kho&#7843;n:&nbsp;<span style=""font-weight: bold;"">C&ocirc;ng ty c&#7893; ph&#7847;n c&ocirc;ng ngh&#7879; truy&#7873;n th&ocirc;ng MK Media.</span>&nbsp;</span></h5><h5><span style=""color: rgb(0, 0, 0);"">- N&#7897;i dung chuy&#7875;n kho&#7843;n: &ldquo;T&ecirc;n c&aacute; nh&acirc;n ho&#7863;c doanh nghi&#7879;p + T&ecirc;n k&ecirc;nh mua + S&#272;T&rdquo;</span></h5><h5><img src=""/images/upload/page/17/screenshot-1662522524-vrs.png"" style=""width: 1126px;"" data-filename=""screenshot_1662522524.png"" loading=""lazy""><span style=""color: rgb(0, 0, 0);""><br></span></h5></h3>
","2021-11-30 05:07:01","2022-09-07 02:51:56"
"18","Thông tin công ty","thong-tin-cong-ty","<p>V&#7899;i h&#417;n 10 n&#259;m kinh nghi&#7879;m c&ugrave;ng v&#7899;i th&#7871; m&#7841;nh l&agrave; &#273;&#7897;i ng&#361; nh&acirc;n vi&ecirc;n tr&#7867; v&agrave; nhi&#7879;t huy&#7871;t, chuy&ecirc;n m&ocirc;n cao. Ch&uacute;ng t&ocirc;i lu&ocirc;n c&#7889; g&#7855;ng ho&agrave;n thi&#7879;n trong t&#432; duy v&agrave; &#273;&#7893;i m&#7899;i trong s&aacute;ng t&#7841;o, kh&ocirc;ng ng&#7915;ng ph&aacute;t tri&#7875;n s&#7843;n ph&#7849;m d&#7883;ch v&#7909; &#273;&#7875; &#273;&#432;&#7907;c s&#7921; t&iacute;n nhi&#7879;m c&#7911;a kh&aacute;ch h&agrave;ng d&#7877; v&agrave; kh&oacute; t&iacute;nh nh&#7845;t.<p>Ch&uacute;ng t&ocirc;i mang l&#7841;i nh&#7919;ng gi&#7843;i ph&aacute;p ph&ugrave; h&#7907;p v&#7899;i doanh nghi&#7879;p, theo xu h&#432;&#7899;ng thay &#273;&#7893;i m&#7895;i ng&agrave;y c&#7911;a th&#432;&#417;ng m&#7841;i &#273;i&#7879;n t&#7917;. S&#7913; m&#7879;nh c&#7911;a YOUTUBESTORE l&agrave; kh&ocirc;ng ng&#7915;ng mang &#273;&#7871;n cho nh&#7919;ng kh&aacute;ch h&agrave;ng nh&#7919;ng s&#7843;n ph&#7849;m ch&#7845;t l&#432;&#7907;ng. &#272;&#7875; &#273;&#432;a c&aacute;c doanh nghi&#7879;p Vi&#7879;t Nam v&#432;&#417;n xa h&#417;n tr&ecirc;n Th&#7871; Gi&#7899;i.</p><p>V&#7899;i ph&#432;&#417;ng ch&acirc;m uy t&iacute;n &amp; b&#7843;o m&#7853;t t&#7841;o n&ecirc;n th&#432;&#417;ng hi&#7879;u c&#7911;a YOUTUBESTORE &#272;&oacute; c&#361;ng l&agrave; h&#432;&#7899;ng &#273;i cho to&agrave;n b&#7897; ho&#7841;t &#273;&#7897;ng c&#7911;a c&ocirc;ng ty, t&ocirc;n tr&#7885;ng c&aacute;c &yacute; ki&#7871;n c&aacute; nh&acirc;n, &#273;&#7873; cao tinh th&#7847;n l&agrave;m vi&#7879;c nh&oacute;m gi&#7919;a c&aacute;c th&agrave;nh vi&ecirc;n, t&#7841;o n&ecirc;n m&ocirc;i tr&#432;&#7901;ng l&agrave;m vi&#7879;c th&#7921;c s&#7921; chuy&ecirc;n nghi&#7879;p.&nbsp;</p><p>C&Ocirc;NG TY C&#7892; PH&#7846;N C&Ocirc;NG NGH&#7878; TRUY&#7872;N TH&Ocirc;NG MK MEDIA</p><p>MST: 0109379379. Ng&agrave;y c&#7845;p: 25/02/2020. N&#417;i c&#7845;p: S&#7903; KH&amp;&#272;T Tp. H&agrave; N&#7897;i</p><p>Tr&#7909; s&#7903;: S&#7889; 28A Ng&otilde; 162 Kh&#432;&#417;ng &#272;&igrave;nh, P. Kh&#432;&#417;ng Th&#432;&#7907;ng, Q. Thanh Xu&acirc;n, Tp. H&agrave; N&#7897;i</p><p>S&#7889; t&agrave;i kho&#7843;n c&ocirc;ng ty: 19035699899886 Ng&acirc;n h&agrave;ng&nbsp; Techcombank chi nh&aacute;nh H&agrave; N&#7897;i.&nbsp;</p><p>Ch&#7911; t&agrave;i kho&#7843;n: C&ocirc;ng ty c&#7893; ph&#7847;n c&ocirc;ng ngh&#7879; truy&#7873;n th&ocirc;ng MK Media</p></p>
","2021-11-30 05:07:09","2021-11-30 05:50:24"
